{"cameraMode":{"drawMode":0,"name":"Shaded","section":"Shading Mode"},"sceneLighting":false,"audioPlay":false,"sceneViewState":{"showFog":true,"showMaterialUpdate":false,"showSkybox":false,"showFlares":true,"showImageEffects":true,"showParticleSystems":true},"in2DMode":false,"pivot":{"x":0.0,"y":1.240492582321167,"z":-3.1572561264038088},"rotation":{"x":-0.05581653490662575,"y":0.9414189457893372,"z":-0.19506260752677918,"w":-0.2693834602832794},"size":2.1646459102630617,"orthographic":false}